Name,Medal,Age,Weight,Category,Team
Alonso Fernandez San Miguel,Plata,Juvenil A,79.4,Masculino,Fight Club Gijón
Marco Fernandez Fernandez,Plata,Juvenil A,61.2,Masculino,Bandog Fight Club
Francisco Pinteado Huerta,Oro,Juvenil A,93,Masculino,Fight Club Gijón
Kevin Alonso Frade,Oro,Juvenil B,77.1,Masculino,Centro Deportivo Tibet
Sergio Gonzalez Rey,Bronce,Junior,65.8,Masculino,Fight Club Gijón
Marcos Poblacion Iglesias,Oro,Junior,70.3,Masculino,Bandog Fight Club
Hugo Aguado Diez,Bronce,Junior,70.3,Masculino,Centro Deportivo Tibet
Hugo Fernandez Bravo,Bronce,Junior,74.8,Masculino,BJJ Vetusta
Ainhoa Suarez Alvarez,Oro,Junior,56.7,Femenino,BJJ Vetusta
